control_id,control_name,description
INT-AC-01,Multi-Factor Authentication (MFA),"User entities and internal personnel must enforce multi-factor authentication (MFA) for all administrative and remote console access."
INT-AC-02,Periodic Access Reviews,"User access permissions and administrative privileges must be formally reviewed on a quarterly basis by department managers."
INT-AC-03,Timely Deprovisioning,"Access rights of terminated employees and contractors must be revoked within 24 hours of separation."
INT-AC-04,Password Complexity Policy,"Passwords must be a minimum of 14 characters in length with uppercase, lowercase, numbers, and special symbols, expiring every 90 days."
INT-CM-01,Peer Code Review,"All source code changes to production systems require independent peer code review and passing automated tests prior to deployment."
INT-CM-02,Separation of Environments,"Development and testing environments are logically separated from the production environment, with no production data in test environments."
INT-CM-03,Change Approval Board,"Emergency and scheduled changes must receive formal approval from the Change Approval Board (CAB) prior to release."
INT-DS-01,Encryption at Rest,"Customer data stored in databases and file storage must be encrypted at rest using AES-256 or stronger encryption algorithms."
INT-DS-02,Encryption in Transit,"All data transmitted across public networks or between microservices must be encrypted using TLS 1.2 or higher."
INT-DS-03,Key Management,"Cryptographic keys are rotated at least annually and access to key management systems is restricted to authorized security administrators."
INT-IR-01,Incident Notification & Escalation,"Security incidents must be identified, triaged, and communicated to affected customers and vendors within 72 hours of confirmation."
INT-IR-02,Centralized Audit Logging,"System, authentication, and application logs are centrally collected, retained for at least 365 days, and protected against unauthorized modification."
INT-BC-01,Automated Daily Backups,"Full or incremental data backups must be performed daily, encrypted, and periodically tested for restorability."
INT-BC-02,Disaster Recovery Testing,"Business continuity and disaster recovery plans must be tested at least annually to validate recovery time objectives (RTO)."
INT-VR-01,Subservice SOC Review,"User entity must annually obtain and review SOC 2 Type 2 reports and bridge letters for all critical cloud service providers and subservice organizations."
